Tanggal,Jam,PosX,PosY,PersenRusak,GramHilang,Filename
2026-08-16,16:04:28,1200,400,0.0,0.0,scan_20260816_160428_pos_1200_400.jpg
2026-08-16,16:04:28,1600,400,0.0,0.0,scan_20260816_160428_pos_1600_400.jpg
2026-08-16,16:07:58,0,0,0.0,0.0,scan_20260816_160758_pos_0_0.jpg
2026-08-16,16:07:58,400,0,0.0,0.0,scan_20260816_160758_pos_400_0.jpg
2026-08-16,16:07:58,800,0,0.0,0.0,scan_20260816_160758_pos_800_0.jpg
2026-08-16,16:07:58,1200,0,0.0,0.0,scan_20260816_160758_pos_1200_0.jpg
2026-08-16,16:07:58,1600,0,0.0,0.0,scan_20260816_160758_pos_1600_0.jpg
2026-08-16,16:07:58,2000,0,0.0,0.0,scan_20260816_160758_pos_2000_0.jpg
2026-08-16,16:07:58,0,400,0.0,0.0,scan_20260816_160758_pos_0_400.jpg
2026-08-16,16:07:58,400,400,0.0,0.0,scan_20260816_160758_pos_400_400.jpg
2026-08-16,16:07:58,800,400,0.0,0.0,scan_20260816_160758_pos_800_400.jpg
2026-08-16,16:07:58,1200,400,0.0,0.0,scan_20260816_160758_pos_1200_400.jpg
2026-08-16,16:07:58,1600,400,0.0,0.0,scan_20260816_160758_pos_1600_400.jpg
2026-08-16,16:07:58,2000,400,0.0,0.0,scan_20260816_160758_pos_2000_400.jpg
2026-08-16,16:07:58,0,800,0.0,0.0,scan_20260816_160758_pos_0_800.jpg
2026-08-16,16:07:58,400,800,0.0,0.0,scan_20260816_160758_pos_400_800.jpg
2026-08-16,16:07:58,800,800,0.01,0.01,scan_20260816_160758_pos_800_800.jpg
2026-08-16,16:07:58,1200,800,0.0,0.0,scan_20260816_160758_pos_1200_800.jpg
2026-08-16,16:07:58,1600,800,0.0,0.0,scan_20260816_160758_pos_1600_800.jpg
2026-08-16,16:07:58,2000,800,0.0,0.0,scan_20260816_160758_pos_2000_800.jpg
2026-08-16,16:07:58,0,1200,0.0,0.0,scan_20260816_160758_pos_0_1200.jpg
2026-08-16,16:07:58,400,1200,0.0,0.0,scan_20260816_160758_pos_400_1200.jpg
2026-08-16,16:07:58,800,1200,0.01,0.01,scan_20260816_160758_pos_800_1200.jpg
2026-08-16,16:07:58,1200,1200,0.0,0.0,scan_20260816_160758_pos_1200_1200.jpg
2026-08-16,16:24:45,0,0,0.0,0.0,scan_20260816_162445_pos_0_0.jpg
2026-08-16,16:24:45,400,0,0.0,0.0,scan_20260816_162445_pos_400_0.jpg
2026-08-16,16:24:45,800,0,0.0,0.0,scan_20260816_162445_pos_800_0.jpg
2026-08-16,16:24:45,1200,0,0.0,0.0,scan_20260816_162445_pos_1200_0.jpg
2026-08-16,16:24:45,1600,0,0.0,0.0,scan_20260816_162445_pos_1600_0.jpg
2026-08-16,16:24:45,2000,0,0.0,0.0,scan_20260816_162445_pos_2000_0.jpg
2026-08-16,16:24:45,0,400,0.0,0.0,scan_20260816_162445_pos_0_400.jpg
2026-08-16,16:24:45,400,400,0.0,0.0,scan_20260816_162445_pos_400_400.jpg
2026-08-16,16:24:45,800,400,0.0,0.0,scan_20260816_162445_pos_800_400.jpg
2026-08-16,16:24:45,1200,400,0.0,0.0,scan_20260816_162445_pos_1200_400.jpg
2026-08-16,16:24:45,1600,400,0.0,0.0,scan_20260816_162445_pos_1600_400.jpg
2026-08-16,16:24:45,2000,400,0.0,0.0,scan_20260816_162445_pos_2000_400.jpg
2026-08-16,16:24:45,0,800,0.0,0.0,scan_20260816_162445_pos_0_800.jpg
2026-08-16,16:24:45,400,800,0.0,0.0,scan_20260816_162445_pos_400_800.jpg
2026-08-16,16:24:45,800,800,0.0,0.0,scan_20260816_162445_pos_800_800.jpg
2026-08-16,16:24:45,1200,800,0.0,0.0,scan_20260816_162445_pos_1200_800.jpg
2026-08-16,16:24:45,1600,800,0.0,0.0,scan_20260816_162445_pos_1600_800.jpg
2026-08-16,16:24:45,2000,800,0.0,0.0,scan_20260816_162445_pos_2000_800.jpg
2026-08-16,16:24:45,0,1200,0.0,0.0,scan_20260816_162445_pos_0_1200.jpg
2026-08-16,16:24:45,400,1200,0.0,0.0,scan_20260816_162445_pos_400_1200.jpg
2026-08-16,16:24:45,800,1200,0.0,0.0,scan_20260816_162445_pos_800_1200.jpg
2026-08-16,16:24:45,1200,1200,0.0,0.0,scan_20260816_162445_pos_1200_1200.jpg
2026-08-16,16:24:45,1600,1200,0.0,0.0,scan_20260816_162445_pos_1600_1200.jpg
2026-08-16,16:24:45,2000,1200,0.0,0.0,scan_20260816_162445_pos_2000_1200.jpg
2026-08-16,16:56:45,0,0,0.0,0.0,scan_20260816_165645_pos_0_0.jpg
2026-08-16,16:56:45,400,0,0.0,0.0,scan_20260816_165645_pos_400_0.jpg
2026-08-16,16:56:45,800,0,0.0,0.0,scan_20260816_165645_pos_800_0.jpg
2026-08-16,16:56:45,1200,0,0.0,0.0,scan_20260816_165645_pos_1200_0.jpg
2026-08-16,16:56:45,1600,0,0.0,0.0,scan_20260816_165645_pos_1600_0.jpg
2026-08-16,16:56:45,2000,0,0.0,0.0,scan_20260816_165645_pos_2000_0.jpg
2026-08-16,16:56:45,0,400,0.0,0.0,scan_20260816_165645_pos_0_400.jpg
2026-08-16,16:56:45,400,400,0.0,0.0,scan_20260816_165645_pos_400_400.jpg
2026-08-16,16:56:45,800,400,0.0,0.0,scan_20260816_165645_pos_800_400.jpg
2026-08-16,16:56:45,1200,400,0.0,0.0,scan_20260816_165645_pos_1200_400.jpg
2026-08-16,16:56:45,1600,400,0.0,0.0,scan_20260816_165645_pos_1600_400.jpg
2026-08-16,16:56:45,2000,400,0.0,0.0,scan_20260816_165645_pos_2000_400.jpg
2026-08-16,16:56:45,0,800,0.0,0.0,scan_20260816_165645_pos_0_800.jpg
2026-08-16,16:56:45,400,800,0.0,0.0,scan_20260816_165645_pos_400_800.jpg
2026-08-16,16:56:45,800,800,0.0,0.0,scan_20260816_165645_pos_800_800.jpg
2026-08-16,16:56:45,1200,800,0.0,0.0,scan_20260816_165645_pos_1200_800.jpg
2026-08-16,16:56:45,1600,800,0.0,0.0,scan_20260816_165645_pos_1600_800.jpg
2026-08-16,16:56:45,2000,800,0.0,0.0,scan_20260816_165645_pos_2000_800.jpg
2026-08-16,16:56:45,0,1200,0.0,0.0,scan_20260816_165645_pos_0_1200.jpg
2026-08-16,16:56:45,400,1200,0.0,0.0,scan_20260816_165645_pos_400_1200.jpg
2026-08-16,16:56:45,800,1200,0.0,0.0,scan_20260816_165645_pos_800_1200.jpg
2026-08-16,16:56:45,1200,1200,0.0,0.0,scan_20260816_165645_pos_1200_1200.jpg
2026-08-16,16:56:45,1600,1200,0.0,0.0,scan_20260816_165645_pos_1600_1200.jpg
2026-08-16,16:56:45,2000,1200,0.0,0.0,scan_20260816_165645_pos_2000_1200.jpg
2026-08-16,17:28:21,0,0,0.0,0.0,scan_20260816_172821_pos_0_0.jpg
2026-08-16,17:28:21,400,0,0.0,0.0,scan_20260816_172821_pos_400_0.jpg
2026-08-16,17:28:21,800,0,0.0,0.0,scan_20260816_172821_pos_800_0.jpg
2026-08-16,17:28:21,1200,0,0.0,0.0,scan_20260816_172821_pos_1200_0.jpg
2026-08-16,17:28:21,1600,0,0.0,0.0,scan_20260816_172821_pos_1600_0.jpg
2026-08-16,17:28:21,2000,0,0.0,0.0,scan_20260816_172821_pos_2000_0.jpg
2026-08-16,17:28:21,0,400,0.0,0.0,scan_20260816_172821_pos_0_400.jpg
2026-08-16,17:28:21,400,400,0.0,0.0,scan_20260816_172821_pos_400_400.jpg
2026-08-16,17:28:21,800,400,0.0,0.0,scan_20260816_172821_pos_800_400.jpg
2026-08-16,17:28:21,1200,400,0.0,0.0,scan_20260816_172821_pos_1200_400.jpg
2026-08-16,17:28:21,1600,400,0.0,0.0,scan_20260816_172821_pos_1600_400.jpg
2026-08-16,17:28:21,2000,400,0.0,0.0,scan_20260816_172821_pos_2000_400.jpg
2026-08-16,17:28:21,0,800,0.0,0.0,scan_20260816_172821_pos_0_800.jpg
2026-08-16,17:28:21,400,800,0.0,0.0,scan_20260816_172821_pos_400_800.jpg
2026-08-16,17:28:21,800,800,0.0,0.0,scan_20260816_172821_pos_800_800.jpg
2026-08-16,17:28:21,1200,800,0.0,0.0,scan_20260816_172821_pos_1200_800.jpg
2026-08-16,17:28:21,1600,800,0.0,0.0,scan_20260816_172821_pos_1600_800.jpg
2026-08-16,17:28:21,2000,800,0.0,0.0,scan_20260816_172821_pos_2000_800.jpg
2026-08-16,17:28:21,0,1200,0.0,0.0,scan_20260816_172821_pos_0_1200.jpg
2026-08-16,17:28:21,400,1200,0.0,0.0,scan_20260816_172821_pos_400_1200.jpg
2026-08-16,17:28:21,800,1200,0.0,0.0,scan_20260816_172821_pos_800_1200.jpg
2026-08-16,17:28:21,1200,1200,0.0,0.0,scan_20260816_172821_pos_1200_1200.jpg
2026-08-16,17:28:21,1600,1200,0.0,0.0,scan_20260816_172821_pos_1600_1200.jpg
2026-08-16,17:28:21,2000,1200,0.0,0.0,scan_20260816_172821_pos_2000_1200.jpg
2026-08-16,17:33:40,0,0,0.0,0.0,scan_20260816_173340_pos_0_0.jpg
2026-08-16,17:33:40,400,0,0.0,0.0,scan_20260816_173340_pos_400_0.jpg
2026-08-16,17:33:40,800,0,0.0,0.0,scan_20260816_173340_pos_800_0.jpg
2026-08-16,17:33:40,1200,0,0.0,0.0,scan_20260816_173340_pos_1200_0.jpg
2026-08-16,17:33:40,1600,0,0.0,0.0,scan_20260816_173340_pos_1600_0.jpg
2026-08-16,17:33:40,2000,0,0.0,0.0,scan_20260816_173340_pos_2000_0.jpg
2026-08-16,17:33:40,0,400,0.0,0.0,scan_20260816_173340_pos_0_400.jpg
2026-08-16,17:33:40,400,400,0.0,0.0,scan_20260816_173340_pos_400_400.jpg
2026-08-16,17:33:40,800,400,0.0,0.0,scan_20260816_173340_pos_800_400.jpg
2026-08-16,17:33:40,1200,400,0.0,0.0,scan_20260816_173340_pos_1200_400.jpg
2026-08-16,17:33:40,1600,400,0.0,0.0,scan_20260816_173340_pos_1600_400.jpg
2026-08-16,17:33:40,2000,400,0.0,0.0,scan_20260816_173340_pos_2000_400.jpg
2026-08-16,17:33:40,0,800,0.0,0.0,scan_20260816_173340_pos_0_800.jpg
2026-08-16,17:33:40,400,800,0.0,0.0,scan_20260816_173340_pos_400_800.jpg
2026-08-16,17:33:40,800,800,0.0,0.0,scan_20260816_173340_pos_800_800.jpg
2026-08-16,17:33:40,1200,800,0.0,0.0,scan_20260816_173340_pos_1200_800.jpg
2026-08-16,17:33:40,1600,800,0.0,0.0,scan_20260816_173340_pos_1600_800.jpg
2026-08-16,17:33:40,2000,800,0.0,0.0,scan_20260816_173340_pos_2000_800.jpg
2026-08-16,17:33:40,0,1200,0.0,0.0,scan_20260816_173340_pos_0_1200.jpg
2026-08-16,17:33:40,400,1200,0.0,0.0,scan_20260816_173340_pos_400_1200.jpg
2026-08-16,17:33:40,800,1200,0.0,0.0,scan_20260816_173340_pos_800_1200.jpg
2026-08-16,17:33:40,1200,1200,0.0,0.0,scan_20260816_173340_pos_1200_1200.jpg
2026-08-16,17:33:40,1600,1200,0.0,0.0,scan_20260816_173340_pos_1600_1200.jpg
2026-08-16,17:33:40,2000,1200,0.0,0.0,scan_20260816_173340_pos_2000_1200.jpg
2026-08-16,17:39:31,0,0,0.0,0.0,scan_20260816_173931_pos_0_0.jpg
2026-08-16,17:39:31,400,0,0.0,0.0,scan_20260816_173931_pos_400_0.jpg
2026-08-16,17:39:31,800,0,0.0,0.0,scan_20260816_173931_pos_800_0.jpg
2026-08-16,17:39:31,1200,0,0.0,0.0,scan_20260816_173931_pos_1200_0.jpg
2026-08-16,17:39:31,1600,0,0.0,0.0,scan_20260816_173931_pos_1600_0.jpg
2026-08-16,17:39:31,2000,0,0.0,0.0,scan_20260816_173931_pos_2000_0.jpg
2026-08-16,17:39:31,0,400,0.0,0.0,scan_20260816_173931_pos_0_400.jpg
2026-08-16,17:39:31,400,400,0.0,0.0,scan_20260816_173931_pos_400_400.jpg
2026-08-16,17:39:31,800,400,0.0,0.0,scan_20260816_173931_pos_800_400.jpg
2026-08-16,17:39:31,1200,400,0.0,0.0,scan_20260816_173931_pos_1200_400.jpg
2026-08-16,17:39:31,1600,400,0.0,0.0,scan_20260816_173931_pos_1600_400.jpg
2026-08-16,17:39:31,2000,400,0.0,0.0,scan_20260816_173931_pos_2000_400.jpg
2026-08-16,17:39:31,0,800,0.0,0.0,scan_20260816_173931_pos_0_800.jpg
2026-08-16,17:39:31,400,800,0.0,0.0,scan_20260816_173931_pos_400_800.jpg
2026-08-16,17:39:31,800,800,0.0,0.0,scan_20260816_173931_pos_800_800.jpg
2026-08-16,17:39:31,1200,800,0.0,0.0,scan_20260816_173931_pos_1200_800.jpg
2026-08-16,17:39:31,1600,800,0.01,0.01,scan_20260816_173931_pos_1600_800.jpg
2026-08-16,17:39:31,2000,800,0.01,0.01,scan_20260816_173931_pos_2000_800.jpg
2026-08-16,17:39:31,0,1200,0.0,0.0,scan_20260816_173931_pos_0_1200.jpg
2026-08-16,17:39:31,400,1200,0.0,0.0,scan_20260816_173931_pos_400_1200.jpg
2026-08-16,17:39:31,800,1200,0.0,0.0,scan_20260816_173931_pos_800_1200.jpg
2026-08-16,17:39:31,1200,1200,0.0,0.0,scan_20260816_173931_pos_1200_1200.jpg
2026-08-16,17:39:31,1600,1200,0.01,0.01,scan_20260816_173931_pos_1600_1200.jpg
2026-08-16,17:39:31,2000,1200,0.01,0.01,scan_20260816_173931_pos_2000_1200.jpg
2026-08-16,17:45:36,0,0,0.0,0.0,scan_20260816_174536_pos_0_0.jpg
2026-08-16,17:45:36,400,0,0.0,0.0,scan_20260816_174536_pos_400_0.jpg
2026-08-16,17:45:36,800,0,0.0,0.0,scan_20260816_174536_pos_800_0.jpg
2026-08-16,17:45:36,1200,0,0.0,0.0,scan_20260816_174536_pos_1200_0.jpg
2026-08-16,17:45:36,1600,0,0.0,0.0,scan_20260816_174536_pos_1600_0.jpg
2026-08-16,17:45:36,2000,0,0.0,0.0,scan_20260816_174536_pos_2000_0.jpg
2026-08-16,17:45:36,0,400,0.0,0.0,scan_20260816_174536_pos_0_400.jpg
2026-08-16,17:45:36,400,400,0.0,0.0,scan_20260816_174536_pos_400_400.jpg
2026-08-16,17:45:36,800,400,0.0,0.0,scan_20260816_174536_pos_800_400.jpg
2026-08-16,17:45:36,1200,400,0.0,0.0,scan_20260816_174536_pos_1200_400.jpg
2026-08-16,17:45:36,1600,400,0.0,0.0,scan_20260816_174536_pos_1600_400.jpg
2026-08-16,17:45:36,2000,400,0.0,0.0,scan_20260816_174536_pos_2000_400.jpg
2026-08-16,17:45:36,0,800,0.0,0.0,scan_20260816_174536_pos_0_800.jpg
2026-08-16,17:45:36,400,800,0.0,0.0,scan_20260816_174536_pos_400_800.jpg
2026-08-16,17:45:36,800,800,0.0,0.0,scan_20260816_174536_pos_800_800.jpg
2026-08-16,17:45:36,1200,800,0.0,0.0,scan_20260816_174536_pos_1200_800.jpg
2026-08-16,17:45:36,1600,800,0.0,0.0,scan_20260816_174536_pos_1600_800.jpg
2026-08-16,17:45:36,2000,800,0.0,0.0,scan_20260816_174536_pos_2000_800.jpg
2026-08-16,17:45:36,0,1200,0.0,0.0,scan_20260816_174536_pos_0_1200.jpg
2026-08-16,17:45:36,400,1200,0.0,0.0,scan_20260816_174536_pos_400_1200.jpg
2026-08-16,17:45:36,800,1200,0.0,0.0,scan_20260816_174536_pos_800_1200.jpg
2026-08-16,17:45:36,1200,1200,0.0,0.0,scan_20260816_174536_pos_1200_1200.jpg
2026-08-16,17:45:36,1600,1200,0.0,0.0,scan_20260816_174536_pos_1600_1200.jpg
2026-08-16,17:45:36,2000,1200,0.0,0.0,scan_20260816_174536_pos_2000_1200.jpg
2026-08-16,17:52:32,0,0,0.0,0.0,scan_20260816_175232_pos_0_0.jpg
2026-08-16,17:52:32,400,0,0.0,0.0,scan_20260816_175232_pos_400_0.jpg
2026-08-16,17:52:32,800,0,0.0,0.0,scan_20260816_175232_pos_800_0.jpg
2026-08-16,17:52:32,1200,0,0.0,0.0,scan_20260816_175232_pos_1200_0.jpg
2026-08-16,17:52:32,1600,0,0.0,0.0,scan_20260816_175232_pos_1600_0.jpg
2026-08-16,17:52:32,2000,0,0.0,0.0,scan_20260816_175232_pos_2000_0.jpg
2026-08-16,17:52:32,0,400,0.0,0.0,scan_20260816_175232_pos_0_400.jpg
2026-08-16,17:52:32,400,400,0.0,0.0,scan_20260816_175232_pos_400_400.jpg
2026-08-16,17:52:32,800,400,0.0,0.0,scan_20260816_175232_pos_800_400.jpg
2026-08-16,17:52:32,1200,400,0.0,0.0,scan_20260816_175232_pos_1200_400.jpg
2026-08-16,17:52:32,1600,400,0.0,0.0,scan_20260816_175232_pos_1600_400.jpg
2026-08-16,17:52:32,2000,400,0.0,0.0,scan_20260816_175232_pos_2000_400.jpg
2026-08-16,17:52:32,0,800,0.0,0.0,scan_20260816_175232_pos_0_800.jpg
2026-08-16,17:52:32,400,800,0.0,0.0,scan_20260816_175232_pos_400_800.jpg
2026-08-16,17:52:32,800,800,0.0,0.0,scan_20260816_175232_pos_800_800.jpg
2026-08-16,17:52:32,1200,800,0.0,0.0,scan_20260816_175232_pos_1200_800.jpg
2026-08-16,17:52:32,1600,800,0.0,0.0,scan_20260816_175232_pos_1600_800.jpg
2026-08-16,17:52:32,2000,800,0.0,0.0,scan_20260816_175232_pos_2000_800.jpg
2026-08-16,17:52:32,0,1200,0.0,0.0,scan_20260816_175232_pos_0_1200.jpg
2026-08-16,17:52:32,400,1200,0.0,0.0,scan_20260816_175232_pos_400_1200.jpg
2026-08-16,17:52:32,800,1200,0.0,0.0,scan_20260816_175232_pos_800_1200.jpg
2026-08-16,17:52:32,1200,1200,0.0,0.0,scan_20260816_175232_pos_1200_1200.jpg
2026-08-16,17:52:32,1600,1200,0.0,0.0,scan_20260816_175232_pos_1600_1200.jpg
2026-08-16,17:52:32,2000,1200,0.0,0.0,scan_20260816_175232_pos_2000_1200.jpg
2026-08-16,17:59:00,0,0,0.0,0.0,scan_20260816_175900_pos_0_0.jpg
2026-08-16,17:59:00,400,0,0.0,0.0,scan_20260816_175900_pos_400_0.jpg
2026-08-16,17:59:00,800,0,0.0,0.0,scan_20260816_175900_pos_800_0.jpg
2026-08-16,17:59:00,1200,0,0.0,0.0,scan_20260816_175900_pos_1200_0.jpg
2026-08-16,17:59:00,1600,0,0.0,0.0,scan_20260816_175900_pos_1600_0.jpg
2026-08-16,17:59:00,2000,0,0.0,0.0,scan_20260816_175900_pos_2000_0.jpg
2026-08-16,17:59:00,0,400,0.0,0.0,scan_20260816_175900_pos_0_400.jpg
2026-08-16,17:59:00,400,400,0.0,0.0,scan_20260816_175900_pos_400_400.jpg
2026-08-16,17:59:00,800,400,0.0,0.0,scan_20260816_175900_pos_800_400.jpg
2026-08-16,17:59:00,1200,400,0.0,0.0,scan_20260816_175900_pos_1200_400.jpg
2026-08-16,17:59:00,1600,400,0.0,0.0,scan_20260816_175900_pos_1600_400.jpg
2026-08-16,17:59:00,2000,400,0.0,0.0,scan_20260816_175900_pos_2000_400.jpg
2026-08-16,17:59:00,0,800,0.0,0.0,scan_20260816_175900_pos_0_800.jpg
2026-08-16,17:59:00,400,800,0.0,0.0,scan_20260816_175900_pos_400_800.jpg
2026-08-16,17:59:00,800,800,0.0,0.0,scan_20260816_175900_pos_800_800.jpg
2026-08-16,17:59:00,1200,800,0.0,0.0,scan_20260816_175900_pos_1200_800.jpg
2026-08-16,17:59:00,1600,800,0.0,0.0,scan_20260816_175900_pos_1600_800.jpg
2026-08-16,17:59:00,2000,800,0.0,0.0,scan_20260816_175900_pos_2000_800.jpg
2026-08-16,17:59:00,0,1200,0.0,0.0,scan_20260816_175900_pos_0_1200.jpg
2026-08-16,17:59:00,400,1200,0.0,0.0,scan_20260816_175900_pos_400_1200.jpg
2026-08-16,17:59:00,800,1200,0.0,0.0,scan_20260816_175900_pos_800_1200.jpg
2026-08-16,17:59:00,1200,1200,0.0,0.0,scan_20260816_175900_pos_1200_1200.jpg
2026-08-16,17:59:00,1600,1200,0.0,0.0,scan_20260816_175900_pos_1600_1200.jpg
2026-08-16,17:59:00,2000,1200,0.0,0.0,scan_20260816_175900_pos_2000_1200.jpg
2026-08-16,18:04:58,0,0,0.0,0.0,scan_20260816_180458_pos_0_0.jpg
2026-08-16,18:04:58,400,0,0.0,0.0,scan_20260816_180458_pos_400_0.jpg
2026-08-16,18:04:58,800,0,0.0,0.0,scan_20260816_180458_pos_800_0.jpg
2026-08-16,18:04:58,1200,0,0.0,0.0,scan_20260816_180458_pos_1200_0.jpg
2026-08-16,18:04:58,1600,0,0.0,0.0,scan_20260816_180458_pos_1600_0.jpg
2026-08-16,18:04:58,2000,0,0.0,0.0,scan_20260816_180458_pos_2000_0.jpg
2026-08-16,18:04:58,0,400,0.0,0.0,scan_20260816_180458_pos_0_400.jpg
2026-08-16,18:04:58,400,400,0.0,0.0,scan_20260816_180458_pos_400_400.jpg
2026-08-16,18:04:58,800,400,0.0,0.0,scan_20260816_180458_pos_800_400.jpg
2026-08-16,18:04:58,1200,400,0.0,0.0,scan_20260816_180458_pos_1200_400.jpg
2026-08-16,18:04:58,1600,400,0.0,0.0,scan_20260816_180458_pos_1600_400.jpg
2026-08-16,18:04:58,2000,400,0.0,0.0,scan_20260816_180458_pos_2000_400.jpg
2026-08-16,18:04:58,0,800,0.0,0.0,scan_20260816_180458_pos_0_800.jpg
2026-08-16,18:04:58,400,800,0.0,0.0,scan_20260816_180458_pos_400_800.jpg
2026-08-16,18:04:58,800,800,0.0,0.0,scan_20260816_180458_pos_800_800.jpg
2026-08-16,18:04:58,1200,800,0.0,0.0,scan_20260816_180458_pos_1200_800.jpg
2026-08-16,18:04:58,1600,800,0.0,0.0,scan_20260816_180458_pos_1600_800.jpg
2026-08-16,18:04:58,2000,800,0.0,0.0,scan_20260816_180458_pos_2000_800.jpg
2026-08-16,18:04:58,0,1200,0.0,0.0,scan_20260816_180458_pos_0_1200.jpg
2026-08-16,18:04:58,400,1200,0.0,0.0,scan_20260816_180458_pos_400_1200.jpg
2026-08-16,18:04:58,800,1200,0.0,0.0,scan_20260816_180458_pos_800_1200.jpg
2026-08-16,18:04:58,1200,1200,0.0,0.0,scan_20260816_180458_pos_1200_1200.jpg
2026-08-16,18:04:58,1600,1200,0.0,0.0,scan_20260816_180458_pos_1600_1200.jpg
2026-08-16,18:04:58,2000,1200,0.0,0.0,scan_20260816_180458_pos_2000_1200.jpg
2026-08-16,18:10:18,0,0,0.0,0.0,scan_20260816_181018_pos_0_0.jpg
2026-08-16,18:10:18,400,0,0.0,0.0,scan_20260816_181018_pos_400_0.jpg
2026-08-16,18:10:18,800,0,0.0,0.0,scan_20260816_181018_pos_800_0.jpg
2026-08-16,18:10:18,1200,0,0.0,0.0,scan_20260816_181018_pos_1200_0.jpg
2026-08-16,18:10:18,1600,0,0.0,0.0,scan_20260816_181018_pos_1600_0.jpg
2026-08-16,18:10:18,2000,0,0.0,0.0,scan_20260816_181018_pos_2000_0.jpg
2026-08-16,18:10:18,0,400,0.0,0.0,scan_20260816_181018_pos_0_400.jpg
2026-08-16,18:10:18,400,400,0.0,0.0,scan_20260816_181018_pos_400_400.jpg
2026-08-16,18:10:18,800,400,0.0,0.0,scan_20260816_181018_pos_800_400.jpg
2026-08-16,18:10:18,1200,400,0.0,0.0,scan_20260816_181018_pos_1200_400.jpg
2026-08-16,18:10:18,1600,400,0.0,0.0,scan_20260816_181018_pos_1600_400.jpg
2026-08-16,18:10:18,2000,400,0.0,0.0,scan_20260816_181018_pos_2000_400.jpg
2026-08-16,18:10:18,0,800,0.0,0.0,scan_20260816_181018_pos_0_800.jpg
2026-08-16,18:10:18,400,800,0.0,0.0,scan_20260816_181018_pos_400_800.jpg
2026-08-16,18:10:18,800,800,0.0,0.0,scan_20260816_181018_pos_800_800.jpg
2026-08-16,18:10:18,1200,800,0.0,0.0,scan_20260816_181018_pos_1200_800.jpg
2026-08-16,18:10:18,1600,800,0.0,0.0,scan_20260816_181018_pos_1600_800.jpg
2026-08-16,18:10:18,2000,800,0.0,0.0,scan_20260816_181018_pos_2000_800.jpg
2026-08-16,18:10:18,0,1200,0.0,0.0,scan_20260816_181018_pos_0_1200.jpg
2026-08-16,18:10:18,400,1200,0.0,0.0,scan_20260816_181018_pos_400_1200.jpg
2026-08-16,18:10:18,800,1200,0.0,0.0,scan_20260816_181018_pos_800_1200.jpg
2026-08-16,18:10:18,1200,1200,0.0,0.0,scan_20260816_181018_pos_1200_1200.jpg
2026-08-16,18:10:18,1600,1200,0.0,0.0,scan_20260816_181018_pos_1600_1200.jpg
2026-08-16,18:10:18,2000,1200,0.0,0.0,scan_20260816_181018_pos_2000_1200.jpg
2026-08-16,18:16:06,0,0,0.0,0.0,scan_20260816_181606_pos_0_0.jpg
2026-08-16,18:16:06,400,0,0.0,0.0,scan_20260816_181606_pos_400_0.jpg
2026-08-16,18:16:06,800,0,0.0,0.0,scan_20260816_181606_pos_800_0.jpg
2026-08-16,18:16:06,1200,0,0.0,0.0,scan_20260816_181606_pos_1200_0.jpg
2026-08-16,18:16:06,1600,0,0.0,0.0,scan_20260816_181606_pos_1600_0.jpg
2026-08-16,18:16:06,2000,0,0.0,0.0,scan_20260816_181606_pos_2000_0.jpg
2026-08-16,18:16:06,0,400,0.0,0.0,scan_20260816_181606_pos_0_400.jpg
2026-08-16,18:16:06,400,400,0.0,0.0,scan_20260816_181606_pos_400_400.jpg
2026-08-16,18:16:06,800,400,0.0,0.0,scan_20260816_181606_pos_800_400.jpg
2026-08-16,18:16:06,1200,400,0.0,0.0,scan_20260816_181606_pos_1200_400.jpg
2026-08-16,18:16:06,1600,400,0.0,0.0,scan_20260816_181606_pos_1600_400.jpg
2026-08-16,18:16:06,2000,400,0.0,0.0,scan_20260816_181606_pos_2000_400.jpg
2026-08-16,18:16:06,0,800,0.0,0.0,scan_20260816_181606_pos_0_800.jpg
2026-08-16,18:16:06,400,800,0.0,0.0,scan_20260816_181606_pos_400_800.jpg
2026-08-16,18:16:06,800,800,0.0,0.0,scan_20260816_181606_pos_800_800.jpg
2026-08-16,18:16:06,1200,800,0.0,0.0,scan_20260816_181606_pos_1200_800.jpg
2026-08-16,18:16:06,1600,800,0.0,0.0,scan_20260816_181606_pos_1600_800.jpg
2026-08-16,18:16:06,2000,800,0.0,0.0,scan_20260816_181606_pos_2000_800.jpg
2026-08-16,18:16:06,0,1200,0.0,0.0,scan_20260816_181606_pos_0_1200.jpg
2026-08-16,18:16:06,400,1200,0.0,0.0,scan_20260816_181606_pos_400_1200.jpg
2026-08-16,18:16:06,800,1200,0.0,0.0,scan_20260816_181606_pos_800_1200.jpg
2026-08-16,18:16:06,1200,1200,0.0,0.0,scan_20260816_181606_pos_1200_1200.jpg
2026-08-16,18:16:06,1600,1200,0.0,0.0,scan_20260816_181606_pos_1600_1200.jpg
2026-08-16,18:16:06,2000,1200,0.0,0.0,scan_20260816_181606_pos_2000_1200.jpg
2026-08-16,18:39:15,0,0,0.0,0.0,scan_20260816_183915_pos_0_0.jpg
2026-08-16,18:39:15,400,0,0.0,0.0,scan_20260816_183915_pos_400_0.jpg
2026-08-16,18:39:15,800,0,0.0,0.0,scan_20260816_183915_pos_800_0.jpg
2026-08-16,18:39:15,1200,0,0.0,0.0,scan_20260816_183915_pos_1200_0.jpg
